"Epitope ID","Sequence","Mapped Start Position","Mapped End Position","Identity","Subjects Tested","Subjects Responded","Assays Positive","Assays Negative","Response Freq.","Lower Bound of 95% CI","Upper Bound of 95% CI"
"145737","DARAYDTEV","56","64","100%","1","1","1","0","1.00","0.04","1.00"
"429125","SSSWETMEKGEIKNC","141","155","66.67%","1","1","1","0","1.00","0.04","1.00"
"429130","TSIRDKVQKEYALFY","161","175","80%","1","1","1","0","1.00","0.04","1.00"
"180966","ELRDKKQKVHALFYKLDIV","162","180","57.89%","1","1","1","0","1.00","0.04","1.00"
"863965","ELRDKKQKAYALFYRPDVV","162","180","57.89%","1","1","1","0","1.00","0.04","1.00"
"462116","LRDKKQKVHALFYKLDIV","163","180","61.11%","1","1","1","0","1.00","0.04","1.00"
"990215","LRDKKQKVHALFYKLDIVPIED","163","184","59.09%","1","1","1","0","1.00","0.04","1.00"
"848024","RDKVQKEYALFYKLD","164","178","73.33%","1","1","1","0","1.00","0.04","1.00"
"858680","RDKKQKAYALFYRPD","164","178","60%","1","1","1","0","1.00","0.04","1.00"
"858681","RDKKQKAYALFYRPDVV","164","180","64.71%","1","1","1","0","1.00","0.04","1.00"
"429106","PIDNASYRLISCNTS","181","202","59.09%","1","1","1","0","1.00","0.04","1.00"
"43399","NCTRPNNNTRKSIRIQRGPGRAFVTIGKIGNMRQAHCN","298","334","60.53%","6","6","1","0","1.00","0.61","1.00"
"187167","NCTRPNNNTRKSINIGPGRALYTTGEII","298","325","85.71%","1","1","1","0","1.00","0.04","1.00"
"119783","CERPQIDIQEMRIGPMAWYSMGIGGTAGNSSRA","299","330","29.73%","1","1","1","0","1.00","0.04","1.00"
"779926","CTRPNNNTRKSIHIGPGRAFYTTGEIIGDIRQAHC","299","333","88.57%","1","1","1","0","1.00","0.04","1.00"
"606537","TRPNNNTRKSIRIGPGQAFYATG","300","322","82.61%","1","1","1","0","1.00","0.04","1.00"
"153438","PNNNTRKSIRIQRGPGRAFVTIGKIGNMRQAHC","302","333","54.55%","1","1","1","0","1.00","0.04","1.00"
"79327","NYNKRKRIHIGPGRAFYTTKNII","303","325","69.57%","1","1","1","0","1.00","0.04","1.00"
"187169","NNNTRKSINIGPGRALYTT","303","321","84.21%","1","1","1","0","1.00","0.04","1.00"
"163954","YNKRKRIHIGPGRAFYTTKNIIG","304","326","69.57%","1","1","1","0","1.00","0.04","1.00"
"163040","NNTRKSIHLGPGRAFYATGDIIG","304","326","78.26%","1","1","1","0","1.00","0.04","1.00"
"604576","NNTRKSIRIGPGQTFYATGDIIG","304","326","73.91%","1","1","1","0","1.00","0.04","1.00"
"604752","YNKRKRIHIGPGRAFYTTKNIIG","304","326","69.57%","2","2","2","0","1.00","0.22","1.00"
"929373","NNTRKSIRIGPGQAFYATGGIIG","304","326","78.26%","1","1","1","0","1.00","0.04","1.00"
"929374","NNTRKSVRIGPGQAFYAT","304","321","72.22%","1","1","1","0","1.00","0.04","1.00"
"162763","KRKRIHIGPGRAFYTTKN","306","323","66.67%","1","1","1","0","1.00","0.04","1.00"
"162762","KRKRIHIGPGRAFYTTK","306","322","70.59%","1","1","1","0","1.00","0.04","1.00"
"163688","TRKSIHLGPGRAFY","306","319","78.57%","1","1","1","0","1.00","0.04","1.00"
"163689","TRKSIRIGPGQAFY","306","319","78.57%","1","1","1","0","1.00","0.04","1.00"
"163621","TKKGIAIGPGRTLY","306","319","57.14%","1","1","1","0","1.00","0.04","1.00"
"188539","TRKSIHIGPG","306","315","90%","1","1","1","0","1.00","0.04","1.00"
"188540","TRKSIRIGPG","306","315","90%","1","1","1","0","1.00","0.04","1.00"
"745403","TRKSIHIGPGRAF","306","318","92.31%","1","1","1","0","1.00","0.04","1.00"
"54425","RKSITKGPGRVIYAT","307","321","60%","1","1","1","0","1.00","0.04","1.00"
"55487","RQSTPIGLGQALYTT","307","321","53.33%","1","1","1","0","1.00","0.04","1.00"
"161563","RKSIRIQRGPGRAFVTIG","307","323","38.89%","1","1","1","0","1.00","0.04","1.00"
"146524","RKRIHIGPGRAFYTT","307","321","80%","2","2","2","0","1.00","0.22","1.00"
"163244","RKRIRVGPGQTVY","307","319","46.15%","1","1","1","0","1.00","0.04","1.00"
"780025","KKGIAIGPGRTLYA","307","320","50%","1","1","1","0","1.00","0.04","1.00"
"780125","RKRIHIGPGRAFYT","307","320","78.57%","1","1","1","0","1.00","0.04","1.00"
"149350","KRIHIGPGRAFYTT","308","321","78.57%","3","3","3","0","1.00","0.37","1.00"
"162761","KRIHIGPGRA","308","317","80%","1","1","1","0","1.00","0.04","1.00"
"146401","KSIHLGPGRAFYA","308","320","69.23%","1","1","1","0","1.00","0.04","1.00"
"150865","KSITIGPGRA","308","317","90%","1","1","1","0","1.00","0.04","1.00"
"162656","KGVRIGPGQA","308","317","60%","1","1","1","0","1.00","0.04","1.00"
"26382","IHIGPGRAFYTT","310","321","83.33%","1","1","1","0","1.00","0.04","1.00"
"933394","IRIGPGQT","310","317","62.5%","1","1","1","0","1.00","0.04","1.00"
"54229","RIQRGSGRAFVTIGK","311","323","53.33%","1","1","1","0","1.00","0.04","1.00"
"161500","HIGPGRAFYT","311","320","80%","1","1","1","0","1.00","0.04","1.00"
"425283","HIGPGRAFY","311","319","77.78%","1","1","1","0","1.00","0.04","1.00"
"745234","HIGPGRAFYTTGEI","311","324","78.57%","1","1","1","0","1.00","0.04","1.00"
"97359","GPGR","313","316","100%","1","1","1","0","1.00","0.04","1.00"
"188131","EIIGDIRQA","323","331","77.78%","1","1","1","0","1.00","0.04","1.00"
"233363","GDIR","326","329","100%","1","1","1","0","1.00","0.04","1.00"
"145746","DPEIVMHSF","370","378","100%","1","1","1","0","1.00","0.04","1.00"
"119657","TWNDTYGSNN","396","404","20%","1","1","1","0","1.00","0.04","1.00"
"434481","GKAMYAPPIRG","428","438","90.91%","1","1","1","0","1.00","0.04","1.00"
"541298","AVGIGAVFL","510","519","80%","25","11","2","0","0.44","0.27","0.61"
"780270","AVGIGAVF","510","518","77.78%","5","5","3","0","1.00","0.55","1.00"
"886748","AVGLGAVFLG","510","520","72.73%","1","1","1","0","1.00","0.04","1.00"
"113000","GIKQLQARVLAVERY","571","585","100%","1","1","1","0","1.00","0.04","1.00"
"933335","AVERYLKDQQLLGIW","581","595","93.33%","1","1","1","0","1.00","0.04","1.00"
"94978","YLKDQQLLGIWGCSGKL","585","601","94.12%","1","1","1","0","1.00","0.04","1.00"
"566698","IWGCSGKLICTTAVP","594","608","100%","1","1","1","0","1.00","0.04","1.00"
"433200","WGCSGKLICTT","595","605","100%","1","1","1","0","1.00","0.04","1.00"
"18911","GCSGKLICT","596","604","100%","19","19","1","0","1.00","0.85","1.00"
"7214","CTTAVPWN","603","610","100%","19","14","1","0","0.74","0.52","0.88"
"653797","YTSLIHSLIEESQNQQEKNEQELLELDKWASLWNWF","637","672","86.11%","10","10","1","0","1.00","0.74","1.00"
"546742","LIEESQNQQEKNEQELLELDKWAS","644","667","95.83%","1","0","0","1","0.00","0.00","0.94"
"174251","QQEKNEQELLELDKWASLWN","651","670","100%","1","1","1","0","1.00","0.04","1.00"
"544614","QQEKNEQELLELDKWASLWN","651","670","100%","4","4","1","0","1.00","0.47","1.00"
"150180","EKNEQELLELDKWASLW","653","669","100%","1","1","1","0","1.00","0.04","1.00"
"179863","NEQELLELDKWASLWN","655","670","100%","1","1","1","0","1.00","0.04","1.00"
"179864","NEQELLELDKWASLWNWFDITNWLWYIR","655","682","92.86%","98","23","4","0","0.23","0.16","0.33"
"187168","NEQELLELDKWASLW","655","669","100%","1","1","1","0","1.00","0.04","1.00"
"226168","EQELLELDKWASLW","656","669","100%","1","1","1","0","1.00","0.04","1.00"
"150371","LLELDKWASLW","659","669","100%","2","2","2","0","1.00","0.22","1.00"
"174184","LLELDKWASLW","659","669","100%","1","1","1","0","1.00","0.04","1.00"
"162870","LLELDKWA","659","666","100%","1","1","1","0","1.00","0.04","1.00"
"158950","LELDKWAS","660","667","100%","1","1","1","0","1.00","0.04","1.00"
"146417","LELDKWASL","660","668","100%","1","1","1","0","1.00","0.04","1.00"
"149298","ELDKWAS","661","667","100%","2","2","2","0","1.00","0.22","1.00"
"12988","ELDKWA","661","666","100%","1","1","1","0","1.00","0.04","1.00"
"149254","ALDKWAS","661","667","85.71%","1","1","1","0","1.00","0.04","1.00"
"149296","ELDKWAG","661","667","85.71%","1","1","1","0","1.00","0.04","1.00"
"149297","ELDKWAN","661","667","85.71%","1","1","1","0","1.00","0.04","1.00"
"149295","ELDHWAS","661","667","85.71%","1","1","1","0","1.00","0.04","1.00"
"149256","ALDKWQN","661","667","57.14%","1","1","1","0","1.00","0.04","1.00"
"149299","ELDKWKSL","661","668","87.5%","1","1","1","0","1.00","0.04","1.00"
"149300","ELDKWNSL","661","668","87.5%","1","1","1","0","1.00","0.04","1.00"
"149301","ELEKWAS","661","667","85.71%","1","1","1","0","1.00","0.04","1.00"
"149255","ALDKWD","661","666","66.67%","1","1","1","0","1.00","0.04","1.00"
"236082","ELDKWASLWNWFNITNWLWYIK","661","682","95.45%","1","1","1","0","1.00","0.04","1.00"
"541782","ELDKWASLW","661","669","100%","1","1","1","0","1.00","0.04","1.00"
"688897","ELDKWASLWNWFDITNWLWYIR","661","682","90.91%","1","1","1","0","1.00","0.04","1.00"
"571484","DKWASLWNWFNITNWLWYIKLFIMIVG","663","689","92.59%","1","1","1","0","1.00","0.04","1.00"
"179922","WASLWNWFDITN","665","676","91.67%","78","8","1","0","0.10","0.05","0.19"
"187194","SLWNWFDITNWLWYIK","667","682","93.75%","1","1","1","0","1.00","0.04","1.00"
"745647","SLWNWFDITKWLWYIK","667","682","87.5%","1","1","1","0","1.00","0.04","1.00"
"146625","WNWFDITNW","669","677","88.89%","1","1","1","0","1.00","0.04","1.00"
"146624","WNWFDITN","669","676","87.5%","2","2","2","0","1.00","0.22","1.00"
"689174","WNWFDITNWLWYIR","669","682","85.71%","1","1","1","0","1.00","0.04","1.00"
"164136","NWFDITNWLWYIK","670","682","92.31%","6","6","6","0","1.00","0.61","1.00"
"150874","NWFDISKWLWYI","670","681","75%","1","1","1","0","1.00","0.04","1.00"
"163068","NWFDITNWLWYIR","670","682","84.62%","81","2","2","0","0.02","0.01","0.09"
"175628","NWFDIT","670","675","83.33%","2","2","2","0","1.00","0.22","1.00"
"347770","NWFDITNWLWYIKLFIMIVGGLV","670","692","91.3%","4","4","1","0","1.00","0.47","1.00"
"462143","NWFNITNWLWYIK","670","682","92.31%","1","1","1","0","1.00","0.04","1.00"
"507471","NWFDITNWLWYIK","670","682","92.31%","1","1","1","0","1.00","0.04","1.00"
"955156","NWFDITNWLWYIKLFIMIV","670","688","89.47%","1","1","1","0","1.00","0.04","1.00"